img,domain,country,development_stage,n,density
64ef0ab0f5ae99f1e02fff267c3f351dd5c59eb6fd9cfda73df5f0ad5e5fa766.jpg,ETHZ_1,Switzerland,Filling,57,dense
740cffb4429b92a172b59ec244886ccdfb9d4f56ecd6f37de48ba9569f990ce0.jpg,Arvalis_2,France,Filling,63,dense
cccd78d6f146f7ef37b4009594a0fd7335162c006a9fffe0886f319913cf9eec.jpg,NMBU_2,Norway,Ripening,60,dense
f066a1f85f42af4452cf7e7d10f2b3725e700fe78f3ae9d169a2961d4ddd567f.jpg,Arvalis_2,France,Filling,81,dense
9b3eccc143c0bcfe137a08dbfed02baf6291f5ff63f308100e1200d5d6d33c2f.jpg,Arvalis_3,France,Filling - Ripening,54,dense
e012b54491c8a13a895341e45c93d5af7181591a9535719a01aea8157413611d.jpg,ETHZ_1,Switzerland,Filling,69,dense
8e6c63aecc44a4580a12f01474f0787c6972d796b6426dda30aac0a06cef744f.jpg,ETHZ_1,Switzerland,Filling,70,dense
1fa2a3e30d8df1e695d1a3b06dea3cc34e9ae5116934d198e787e694c9f03a76.jpg,Arvalis_3,France,Filling - Ripening,53,dense
127a25ddab062d86f69e6656941047d82b6b720891b5fc8eb2a1d9847a015004.jpg,Arvalis_3,France,Filling - Ripening,55,dense
351eb6a2f03e19e5096087f863c2f6c5a9994e9b7e5e7caa33960cf0639035f3.jpg,Arvalis_2,France,Filling,57,dense
38a64ba6a4fe2821cc55bcbfd0cdab875cd5c020696d74dfe78b37c09faecbb5.jpg,ETHZ_1,Switzerland,Filling,58,dense
00b0b8b93fbff402d4f18e3026c7957ab146b02244ce714142d86100b2e9f4ba.jpg,ETHZ_1,Switzerland,Filling,62,dense
077ec8de285cfe4a3b98ff850f3a1abba34e5f7a0ad7185cde2e70881d81489b.jpg,ETHZ_1,Switzerland,Filling,56,dense
e5731bfabfb566b1540d9d2d60e4471892e953299701a64216ffb96aa5ea2f30.jpg,Arvalis_8,France,Filling - Ripening,56,dense
6b053f7d49acac47d6391dd0eda21552a8c2d6500f9a69bed2e39a3aa973e7af.jpg,NAU_1,China,Post-flowering,56,dense
ed79f4404c4a448bd50daffd347cefd9ca9f144b7e55ef5722dd4fb047006a89.jpg,ETHZ_1,Switzerland,Filling,91,dense
f6d2ba6584330be0822b800ed39266e5452a75debab4d3148f38ecd1eefdb43f.jpg,ETHZ_1,Switzerland,Filling,73,dense
a7d2f4d02c38243d864687f264debe6072b4dfec7df147e2c7032359cdd43763.jpg,ETHZ_1,Switzerland,Filling,56,dense
7484761c4d938e8e80cf91eaa4638c876866ac6163dfb6c6885f8df970bb55d1.jpg,Utokyo_1,Japan,Ripening,30,moderate
cb5a73aed05840003fb089b1715d93074a4265db6b530ea9e25e3cff751eecef.jpg,Rres_1,UK,Filling - Ripening,50,moderate
e5ae85a83a60108c800885c2d726b0d79b2dc35e7c0439b2127c933e7dfb0deb.jpg,Arvalis_6,France,Filling - Ripening,49,moderate
afbcfc3c834c659898d8806993a6e181632faf929789f3ef955288d197a0290d.jpg,Arvalis_5,France,Filling,30,moderate
138cc0bc88aa9f2fed6f5181e6636ab75a5fc3241f4296d75b38062ea70993d9.jpg,Arvalis_5,France,Filling,38,moderate
03fa792577071e67ff52b0e94758b0c8edfce4912108524af938a39f756e4a36.jpg,Arvalis_3,France,Filling - Ripening,47,moderate
bd64f070a7b2af0e6f636750d91d36ef20fc88d1500d896e5b5e6fae276703fa.jpg,Arvalis_2,France,Filling,44,moderate
59973efe2fd50d63a43ff961a2bae7099f635aede073534f6a346aa5521da740.jpg,Usask_1,Canada,Filling - Ripening,45,moderate
5d88fb17b6cb66dd82775963ffef201c5d7690fe7b07841bd96c8f6efe0d0124.jpg,Arvalis_3,France,Filling - Ripening,33,moderate
7c1c25b5ac6e0eda747cb65e3f1d8d259070c2c7ca8e6cf7aa6b60b271b41eb6.jpg,Utokyo_3,Japan,multiple,42,moderate
c817d3f4591ecfbfbb3900e77f4930d78ee338a17ee6be5d51725a575ad02aa2.jpg,NMBU_2,Norway,Ripening,40,moderate
b3595ef0e4e9e002411fc412b5f969766a47556f2e10e1b325cafa4a06a01db5.jpg,UQ_6,Australia,Filling - Ripening,33,moderate
66710a131677300077603d467c96ba3dcb0bb396a8b535fc7171188139f78048.jpg,Utokyo_2,Japan,Ripening,34,moderate
80c993b0719cf4b05a5d394d0837d06590cc8c8bcd286ad049422c3468f24783.jpg,Utokyo_3,Japan,multiple,34,moderate
4bd3841d4f909a957de753ee9e4f0682da9954704f335ed5be6778f179564490.jpg,NMBU_2,Norway,Ripening,51,moderate
756ded3f45ae64f2f93434966befc8f3ff203c8d18a74816e70945f0f6269c2f.jpg,Usask_1,Canada,Filling - Ripening,41,moderate
119ec1d2701e60df097c9e3a2ff087befd80b33b6f341666ea8d49f8cb0c833d.jpg,Utokyo_1,Japan,Ripening,29,sparse
f4fbceac98c7a92f560778a1252a32530ba3dfe7a6fca1f10e47bab9c6fcb539.jpg,Arvalis_3,France,Filling - Ripening,27,sparse
11cb60a28348dc2900958c20fe678c5f76c84dadc84f3b7ffbc73a2e644552d3.jpg,Arvalis_4,France,Filling,20,sparse
2ab87bc704c416c2de5bc746056bcacdb36b3d2959c46e49a11862b79439282a.jpg,Arvalis_5,France,Filling,16,sparse
eb5a8063811a37c19762ca860c81f6731e85a98898a4c5a99b0f8f65162ddd08.jpg,Utokyo_3,Japan,multiple,11,sparse
7670a46305a8fa6768a868f130b2ebcd5ca5c4f0f672393a38b602d71d741b51.jpg,Utokyo_1,Japan,Ripening,25,sparse
f03a586fd87e56c11add9f894ecdc610765d023abc8cbbc3e53050e50b7865b8.jpg,Utokyo_2,Japan,Ripening,22,sparse
754174c0196ccf8b24a82182bd69b90a7790bdb254f6ffcfa6619502dfb68403.jpg,Arvalis_5,France,Filling,3,sparse
8b1f7421b1f646c3877cdb0a7ce8b12c9f77c62f1c133a63ec1f5360067a0c2d.jpg,Utokyo_1,Japan,Ripening,20,sparse
beefd52977bc3f79b1b70bb4ff1767b67835d006075d516b4aa6599df1d649b4.jpg,Arvalis_4,France,Filling,26,sparse
0501b2418ebadda0419f38f1d5a6ba0713c7dea56f8f468a6aea84c967ee5399.jpg,Utokyo_3,Japan,multiple,5,sparse
a258b0f7c8c8dc98c06c55112630b61c99ebf85a8ef3c5a6e0e7fb146f0d80bf.jpg,Arvalis_5,France,Filling,26,sparse
3aecc269aa93a0fef90c0b332adb85ba61467542622f4b2d978228180282698e.jpg,Arvalis_4,France,Filling,20,sparse
f348a4315fe9156f5422880ee7645c41f4bcc72284da293e890ed28c6f35a9c0.jpg,Usask_1,Canada,Filling - Ripening,17,sparse
